A1-A,231675.0547,138.247812,6714216.222,
B2-A,231679.162,139.658495,6714219.591,
B1-A,231679.9547,139.747731,6714217.786,
A2-A,231674.2951,138.127389,6714218.07,
A4-A,231673.3323,138.085193,6714221.681,
A5-A,231672.6437,138.015101,6714223.204,
A6-A,231672.1415,137.94766,6714225.03,
A7-A,231671.6217,137.917228,6714226.647,
A8-A,231671.3717,137.946616,6714227.55,
A12-A,231669.3837,137.996542,6714234.052,
point 15,231671.5371,139.133456,6714235.311,
B10-A,231673.4217,139.51869,6714233.807,
A3-A,231674.0463,138.234043,6714219.886,
A9-A,231671.1195,138.062017,6714229.02,
A10-A,231670.4045,137.7115,6714230.422,
B3-A,231678.745,139.772862,6714221.889,
B4-A,231677.9328,139.628149,6714223.529,
B5-A,231677.2242,139.571931,6714225.344,
B6-A,231676.6035,139.543874,6714227.202,
B7-A,231675.9919,139.629715,6714229.163,
B8-A,231675.2427,139.654554,6714230.968,
B9-A,231674.4732,139.512393,6714232.362,
1DE,231679.5501,140.16108,6714215.573,
1DE,231681.2658,140.317273,6714216.132,
2DE,231681.3719,141.930007,6714214.228,
2DE,231679.7189,141.512775,6714213.79,
2DE,231683.238,141.67601,6714214.683,
1DE,231685.0695,142.453328,6714215.232,
1DE,231684.7557,140.995254,6714216.822,
3DE,231687.1955,143.317717,6714214.984,
1DE,231687.0588,142.464155,6714215.977,
1DE,231688.9766,142.561783,6714216.579,
2DE,231689.3847,143.346466,6714215.498,
1DE,231690.8321,143.365091,6714217.224,
2DE,231691.1744,144.093831,6714215.982,
2DE,231693.1003,143.950398,6714216.465,
2DE,231694.8159,144.409698,6714217.026,
1DE,231694.6058,144.439493,6714218.653,
E1-A,231691.9585,143.38649,6714218.748,
C1-A,231685.383,140.984211,6714217.544,
C2-A,231684.5567,140.785808,6714219.212,
D1-A,231689.1883,142.566295,6714219.465,
E2-A,231691.6519,143.763765,6714220.528,
F2-A,231695.2008,144.9553,6714220.482,
F3-A,231694.0266,144.833427,6714221.792,
E3-A,231690.7453,143.576457,6714222.332,
D2-A,231688.2526,142.346328,6714221.254,
D3-A,231687.163,142.394235,6714223.069,
E4-A,231689.5991,143.630785,6714224.032,
F4-A,231693.1695,145.010157,6714223.439,
G2-A,231698.5453,145.939464,6714220.139,
G3-A,231697.2404,146.085685,6714221.754,
G4-A,231696.3324,145.896124,6714223.279,
G5-A,231695.4842,146.130842,6714224.772,
C3-A,231683.6365,141.167794,6714221.32,
C4-A,231682.8442,140.958823,6714223.136,
C5-A,231681.9958,140.880086,6714225.197,
D4-A,231686.3384,142.39641,6714224.999,
E5-A,231688.716,143.731037,6714226.293,
D5-A,231685.3206,142.441331,6714226.758,
C6-A,231680.9192,140.845673,6714226.955,
C7-A,231679.9987,140.741623,6714228.771,
D6-A,231684.2297,142.411379,6714228.674,
E6-A,231687.7847,143.750318,6714227.951,
E7-A,231686.8507,143.716593,6714229.983,
D7-A,231683.688,142.785892,6714230.683,
C8-A,231679.3502,140.695204,6714230.806,
C9-A,231678.1668,140.715805,6714232.57,
C10-A,231677.5564,140.984661,6714234,
D9-A,231683.1335,143.041945,6714234.012,
D8-A,231683.0999,142.835866,6714232.46,
E8-A,231686.1495,143.9785,6714231.989,
E9-A,231685.4927,144.189749,6714233.71,
F9-A,231688.527,145.202743,6714233.182,
F10-A,231688.0143,145.277777,6714234.614,
F8-A,231689.2849,144.780736,6714230.988,
G8-A,231692.4755,146.289537,6714230.381,
G9-A,231691.8054,146.584124,6714232.129,
G10-A,231690.7954,146.57886,6714233.927,
point 96,231694.4785,147.8605,6714231.189,
G11-A,231690.0353,146.655099,6714235.789,
point 98,231693.3074,147.942692,6714234.618,
point 99,231691.4113,147.604696,6714236.437,
point 100,231686.9428,145.058209,6714235.316,
E10-A,231684.833,144.023795,6714235.046,
point 102,231682.5225,143.2635,6714235.216,
A11-A,231669.9615,137.754499,6714232.285,
C11-A,231676.2479,140.613452,6714235.67,
point 108,231680.71,142.888052,6714237.105,
point 109,231679.2621,142.028205,6714236.809,
A13-A,231668.7018,137.926805,6714236.294,
A14-A,231668.4557,138.047503,6714237.534,
point 112,231673.0109,139.464974,6714236.829,
point 114,231685.1137,144.778956,6714237.902,
point 117,231682.9954,143.681272,6714237.027,
point 118,231686.8562,145.946764,6714238.918,
point 119,231686.4188,144.886788,6714236.845,
point 120,231688.9245,146.439206,6714236.658,
point 121,231688.3298,146.206289,6714237.564,
point 122,231683.7992,145.264061,6714241.197,
point 123,231682.2626,144.99685,6714242.325,
point 124,231683.3579,146.155618,6714244.437,
point 125,231680.6749,143.928105,6714240.789,
point 126,231678.7745,142.462294,6714239.139,
point 127,231677.2937,141.61198,6714238.216,
point 128,231691.3522,149.143056,6714241.838,
point 129,231687.7202,147.57877,6714241.697,
G7-A,231693.1862,146.283691,6714228.439,
G6-A,231694.4008,146.294991,6714226.577,
point 132,231695.8937,148.065292,6714229.06,
point 133,231697.1432,148.022059,6714227.39,
point 134,231697.7459,148.283873,6714226.1,
point 135,231699.1415,148.351421,6714224.99,
point 136,231700.4505,148.27216,6714223.202,
F5-A,231692.1942,144.736751,6714225.126,
F6-A,231691.1705,144.821663,6714227.105,
F7-A,231690.3296,144.839829,6714229.271,
A15-A,231668.9096,138.236972,6714239.893,
point 142,231665.6985,138.240398,6714259.362,
point 143,231665.9467,138.157393,6714258.031,
point 144,231666.1426,138.090224,6714257.27,
point 145,231666.3044,138.632493,6714255.942,
point 146,231666.7447,138.602335,6714254.612,
point 147,231667.0446,138.483852,6714252.71,
point 148,231667.4422,138.905229,6714251.431,
point 149,231667.6902,138.755985,6714250.003,
point 150,231667.9416,138.661574,6714248.244,
point 151,231668.3334,138.505432,6714246.821,
A16-A,231668.893,138.533029,6714242.496,
A17-A,231668.6391,138.955721,6714245.161,
point 154,231670.8069,139.252161,6714240.347,
point 155,231673.003,140.155882,6714240.991,
point 156,231674.8202,141.43393,6714241.871,
point 157,231676.0715,142.226808,6714242.826,
point 158,231677.7734,143.410188,6714243.941,
point 159,231679.3171,144.502928,6714245.227,
point 160,231680.5848,145.686798,6714246.253,
point 161,231681.8305,146.729453,6714247.513,
point 162,231682.9497,148.13395,6714248.608,
point 163,231670.6008,139.59007,6714242.822,
point 164,231671.9378,140.38374,6714243.6,
point 165,231673.6155,141.816026,6714244.338,
point 166,231674.915,142.513117,6714245.334,
point 167,231676.6632,143.793445,6714246.209,
point 168,231677.4796,144.516327,6714247.261,
point 169,231678.8014,145.145926,6714248.773,
point 170,231679.9169,146.033907,6714249.865,
point 172,231670.9593,140.381917,6714246.177,
point 173,231672.0176,141.055012,6714246.744,
point 174,231673.1104,141.825184,6714247.693,
point 175,231674.4368,142.405694,6714248.577,
point 181,231670.0838,139.764652,6714247.482,
point 182,231671.1258,140.40814,6714248.333,
point 183,231672.0775,141.247951,6714249.133,
point 184,231673.1769,141.987766,6714250.06,
point 190,231669.4217,139.991159,6714250.724,
point 191,231670.6694,140.737974,6714251.177,
point 192,231671.8476,141.561455,6714252.019,
point 193,231672.9679,142.391897,6714252.816,
point 199,231668.5464,139.436062,6714251.863,
point 200,231669.9178,140.080413,6714252.627,
point 201,231671.3067,140.806155,6714253.302,
point 202,231672.3574,142.601885,6714254.145,
point 203,231681.1119,147.546911,6714251.02,
point 204,231680.405,147.722443,6714252.51,
point 205,231679.7568,148.717247,6714253.322,
point 206,231679.0103,148.619717,6714255.202,
point 207,231678.8857,149.384123,6714256.025,
point 208,231678.7911,150.75178,6714257.319,
point 209,231678.7599,151.360132,6714258.402,
point 210,231678.7016,151.624699,6714259.33,
point 211,231678.6411,151.548898,6714260.066,
point 212,231678.5886,151.44774,6714260.512,
point 213,231679.5653,148.62484,6714254.131,
point 214,231679.1675,146.287425,6714251.566,
point 215,231678.5915,146.982118,6714252.684,
point 216,231678.1141,147.075745,6714254.115,
point 217,231677.7964,147.868478,6714254.839,
point 218,231677.6153,148.683324,6714256.038,
point 219,231677.5952,149.53779,6714257.357,
point 220,231677.2023,147.744732,6714258.406,
point 221,231677.3838,148.098299,6714259.464,
point 222,231677.3472,148.055277,6714260.197,
point 223,231677.4452,150.67357,6714260.868,
1DE,231677.5878,139.549334,6714215.09,
F1-A,231696.2717,144.985997,6714218.954,
point 227,231706.4173,150.74635,6714230.466,
point 228,231708.399,151.971832,6714231.49,
point 229,231707.2465,152.209621,6714234.2,
point 230,231704.9605,150.800642,6714233.137,
point 231,231704.2844,150.832466,6714234.34,
point 232,231703.6337,150.884023,6714235.575,
point 233,231705.3428,152.101291,6714236.618,
point 234,231704.6913,152.197262,6714237.89,
point 235,231702.8638,150.929887,6714236.928,
point 236,231702.3672,151.03997,6714238.165,
point 237,231704.201,152.218488,6714238.926,
point 238,231703.4562,152.329385,6714240.579,
point 239,231701.3955,150.968039,6714239.486,
point 240,231708.0269,153.513062,6714237.979,
point 241,231707.2038,153.462015,6714239.245,
point 242,231706.3872,153.525425,6714240.628,
point 243,231705.5343,153.56303,6714241.878,
point 244,231704.6423,153.597663,6714243.138,
point 245,231702.5409,152.294967,6714241.84,
point 246,231700.6217,151.017315,6714240.857,
point 247,231699.9972,151.077629,6714242.051,
point 248,231701.7699,152.378856,6714243.176,
point 249,231704.0172,153.731104,6714244.525,
point 250,231703.4652,153.837487,6714245.914,
point 251,231701.1758,152.458475,6714244.419,
point 252,231699.0631,151.005005,6714243.139,
point 253,231700.0692,152.327706,6714245.675,
point 254,231702.7683,153.81275,6714247.022,
point 255,231704.605,155.378591,6714248.362,
point 256,231703.7945,155.383536,6714249.505,
point 257,231702.98,155.402735,6714250.76,
point 258,231702.1754,153.966429,6714248.401,
point 259,231701.2535,153.895802,6714249.523,
point 260,231701.9556,155.279793,6714251.958,
point 261,231700.9773,155.240125,6714252.928,
point 262,231692.174,151.668199,6714251.908,
point 263,231694.3415,152.988366,6714253.363,
point 264,231695.3284,152.836389,6714252.332,
point 265,231693.8103,151.488372,6714250.793,
point 266,231694.9886,151.456524,6714250.022,
point 267,231696.296,152.539191,6714251.21,
point 268,231695.8577,151.289112,6714248.901,
point 269,231689.3791,150.902824,6714250.508,
point 270,231699.5634,152.376002,6714246.684,
point 271,231697.6054,151.057852,6714245.628,
point 272,231698.3767,151.076265,6714244.397,
point 273,231696.6246,151.201506,6714247.74,
point 274,231697.1434,151.153617,6714246.811,
point 275,231697.8446,149.464655,6714239.144,
point 276,231701.4671,149.170422,6714232.578,
point 277,231698.8834,152.658941,6714248.843,
point 278,231698.6971,149.49886,6714237.85,
point 279,231703.5177,149.246306,6714228.647,
point 280,231704.8027,149.325601,6714226.464,
point 281,231702.9099,149.241406,6714229.856,
point 282,231702.2193,149.273016,6714231.225,
point 283,231705.7004,150.771316,6714231.733,
point 284,231707.7145,152.03454,6714232.848,
point 285,231711.0145,153.50627,6714232.976,
point 286,231710.2151,153.43202,6714234.118,
point 287,231709.5293,153.493812,6714235.51,
point 288,231710.1241,154.422194,6714237.971,
point 289,231709.0559,154.564282,6714240.441,
point 290,231707.5652,154.713445,6714243.145,
point 291,231706.9531,154.878031,6714244.459,
point 292,231706.115,154.994058,6714245.748,
point 293,231705.615,155.381004,6714247.207,
point 294,231699.4113,153.902663,6714251.689,
point 295,231697.1436,149.583897,6714240.494,
point 296,231696.4697,149.621985,6714241.739,
point 297,231694.1844,149.681875,6714245.172,
point 298,231671.7219,142.227106,6714255.982,
point 299,231671.5218,142.199828,6714257.456,
point 300,231672.7432,143.08888,6714256.011,
point 301,231672.6341,143.202996,6714257.547,
point 302,231670.5816,141.385927,6714257.457,
point 303,231670.7989,141.450305,6714255.942,
point 304,231671.1565,141.596333,6714254.437,
point 305,231674.1419,144.671916,6714259.161,
point 306,231674.0193,144.586469,6714257.893,
point 307,231674.2234,144.612267,6714256.236,
point 308,231675.569,143.58922,6714247.945,
point 309,231678.1214,142.9202,6714241.479,
point 310,231679.4632,143.817084,6714242.504,
point 311,231679.6744,146.075678,6714249.571,
point 312,231681.8002,143.698661,6714238.296,
point 313,231684.3076,147.227441,6714245.435,
point 314,231686.6703,148.104003,6714244.731,
point 315,231687.9838,148.297525,6714243.106,
point 316,231684.1812,150.740337,6714251.543,
point 317,231699.6528,149.440146,6714236.121,
point 318,231700.6665,149.356074,6714234.382,
point 319,231707.2029,150.75148,6714229.14,
point 320,231709.2729,151.991561,6714230.074,
point 321,231711.5074,153.347216,6714231.504,
point 322,231698.6106,152.941075,6714250.077,
point 323,231693.1663,149.865814,6714247.066,
point 324,231692.4529,150.049662,6714247.861,
G1-A,231699.4576,146.308046,6714218.435,
point 326,231704.3459,149.354755,6714227.605,
point 327,231693.9779,149.775656,6714245.917,
point 328,231685.4124,147.006758,6714243.766,
point 329,231681.2157,145.056492,6714243.741,
point 330,231665.5278,138.326605,6714261.516,
point 331,231668.6523,139.920994,6714261.815,
point 332,231668.4968,140.093008,6714263.358,
point 333,231668.425,140.204637,6714264.87,
point 334,231668.2691,140.393199,6714266.366,
point 335,231667.7803,139.956493,6714267.617,
point 336,231669.8273,140.812271,6714263.438,
point 337,231670.6811,141.564997,6714263.45,
point 338,231670.3848,141.688371,6714264.969,
point 339,231670.3413,142.016042,6714266.552,
point 340,231669.2719,141.207975,6714266.397,
point 341,231669.5636,140.908609,6714264.967,
point 342,231672.513,143.201089,6714263.557,
point 343,231673.6964,144.293458,6714263.839,
point 344,231675.2495,146.015789,6714264.045,
point 345,231676.3829,150.050794,6714264.47,
point 346,231677.0171,150.120969,6714264.384,
point 347,231676.6721,150.198913,6714266.07,
point 348,231676.1189,148.210086,6714265.975,
point 349,231675.1765,146.548492,6714265.766,
point 350,231674.2135,144.86421,6714265.625,
point 351,231673.5536,144.85375,6714265.502,
point 352,231672.0683,142.728156,6714265.282,
point 353,231671.8011,142.92791,6714266.781,
point 354,231673.3889,144.879023,6714266.914,
point 355,231674.1876,144.92997,6714266.849,
point 356,231675.3053,148.499579,6714267.258,
point 357,231676.092,148.544624,6714267.274,
point 358,231676.6443,150.457542,6714267.264,
point 359,231678.6904,152.35053,6714269.309,
point 360,231676.538,150.656407,6714268.78,
point 361,231675.9571,148.676249,6714268.539,
point 362,231675.0836,147.108313,6714268.494,
point 363,231673.9557,145.414439,6714268.326,
point 364,231673.1262,144.221046,6714268.286,
point 365,231671.5358,143.275864,6714268.158,
point 366,231670.0763,141.416941,6714267.912,
point 367,231668.7014,140.626088,6714267.833,
point 368,231666.0381,138.719025,6714266.068,
point 369,231666.0426,138.851657,6714267.492,
point 370,231665.6157,139.047817,6714269.027,
point 371,231665.2052,139.048398,6714269.899,
point 372,231667.3584,140.354374,6714270.18,
point 373,231667.5387,140.230068,6714269.089,
point 374,231668.6989,140.990929,6714269.089,
point 375,231669.8905,141.807325,6714269.346,
point 376,231669.8948,141.942251,6714270.497,
point 377,231668.3741,141.165085,6714270.394,
point 378,231671.3444,143.42664,6714269.398,
point 379,231671.4062,143.527705,6714270.835,
point 380,231672.7834,144.455856,6714271.066,
point 381,231672.878,144.385347,6714269.658,
point 382,231673.905,145.714698,6714271.083,
point 383,231673.9418,145.589057,6714269.716,
point 384,231674.9686,147.505422,6714271.249,
point 385,231675.0039,147.254275,6714269.8,
point 386,231675.8081,148.899845,6714269.923,
point 387,231676.3745,150.896912,6714270.077,
point 388,231678.3594,152.320664,6714271.429,
point 389,231676.2351,149.11084,6714270.906,
point 390,231678.4497,152.267603,6714273.54,
point 391,231678.4812,152.464966,6714275.437,
point 392,231675.9752,149.94228,6714275.914,
point 393,231676.5715,150.839629,6714274.046,
point 394,231676.2392,149.408421,6714272.285,
point 395,231675.4736,149.391004,6714272.42,
point 396,231675.5747,149.229536,6714273.897,
point 397,231675.2235,148.158635,6714275.508,
point 398,231674.4517,148.095056,6714275.632,
point 399,231674.7182,147.521853,6714273.908,
point 400,231674.7423,147.508605,6714272.644,
point 401,231673.6138,145.912008,6714272.584,
point 402,231672.7285,144.453455,6714272.536,
point 403,231672.6797,144.657082,6714273.642,
point 404,231673.6343,146.058949,6714273.804,
point 405,231673.339,146.594922,6714275.569,
point 406,231672.18,144.299013,6714275.286,
point 407,231671.9512,144.421642,6714276.894,
point 408,231673.0192,145.717931,6714277.213,
point 409,231674.1729,147.041523,6714277.345,
point 410,231674.9021,148.693644,6714277.22,
point 411,231675.6406,150.579533,6714277.509,
point 412,231670.3266,143.571946,6714276.715,
point 413,231668.7205,141.988379,6714276.578,
point 414,231669.0557,141.802567,6714274.97,
point 415,231670.4807,143.27259,6714275.037,
point 416,231670.8754,143.028441,6714273.559,
point 417,231670.957,142.795392,6714272.296,
point 418,231669.5379,141.95272,6714271.89,
point 419,231668.1275,140.46439,6714271.924,
point 420,231667.1915,140.442679,6714271.531,
point 421,231664.9729,138.783758,6714271.394,
point 422,231664.7306,138.878018,6714272.988,
point 423,231666.9133,139.992467,6714273.22,
point 424,231667.8893,140.798723,6714273.304,
point 425,231669.287,142.321314,6714273.442,
point 426,231667.533,140.947392,6714274.767,
point 427,231667.3506,141.212905,6714276.317,
point 428,231666.2337,140.435481,6714276.244,
point 429,231666.5592,140.120992,6714274.682,
point 430,231664.3617,139.07878,6714274.465,
point 431,231664.1494,139.153938,6714275.886,
point 432,231663.8885,138.960254,6714277.491,
point 433,231666.222,140.527642,6714277.724,
point 434,231667.2085,141.309789,6714277.939,
point 435,231668.5257,142.07451,6714278.013,
point 436,231670.0204,143.05329,6714278.166,
point 437,231671.7674,144.810681,6714278.303,
point 438,231672.7757,145.972169,6714278.496,
point 439,231674.0791,147.24882,6714278.524,
point 440,231674.7731,148.945059,6714278.575,
point 441,231675.5008,150.813966,6714278.877,
point 442,231678.243,152.933967,6714279.301,
point 443,231678.4437,152.807994,6714277.248,
point 444,231663.5076,139.121313,6714279.001,
point 445,231665.9892,140.061548,6714279.361,
point 446,231667.156,141.500702,6714279.508,
point 447,231668.3431,142.287425,6714279.667,
point 448,231669.6931,143.214308,6714279.848,
point 449,231671.2558,145.318984,6714280.173,
point 450,231672.6938,146.445258,6714280.294,
point 451,231673.7863,147.709246,6714280.407,
point 452,231674.5115,149.316497,6714280.388,
point 453,231675.5989,150.983038,6714280.55,
point 454,231676.6564,152.237813,6714280.639,
point 455,231678.5462,153.451788,6714281.196,
point 456,231678.5509,153.699081,6714283.254,
point 457,231676.5375,152.453793,6714283.479,
point 458,231676.6452,152.272854,6714282.027,
point 459,231675.3026,151.351765,6714283.45,
point 460,231675.4455,151.088131,6714281.83,
point 461,231674.2163,150.021617,6714283.361,
point 462,231674.4839,149.52479,6714281.776,
point 463,231673.6443,147.89536,6714281.582,
point 464,231673.4539,148.42442,6714283.405,
point 465,231672.1545,147.076434,6714283.234,
point 466,231672.3597,146.670662,6714281.489,
point 467,231670.7844,144.833398,6714283.103,
point 468,231669.2183,143.691858,6714282.928,
point 469,231669.5311,143.525529,6714281.293,
point 470,231671.037,144.486733,6714281.404,
point 471,231667.8028,141.989074,6714282.613,
point 472,231668.1667,142.423634,6714280.953,
point 473,231666.7602,141.177343,6714282.439,
point 474,231666.931,141.031708,6714281.033,
point 475,231665.2351,140.382396,6714282.373,
point 476,231665.5296,140.162035,6714280.862,
point 477,231663.2767,139.181504,6714280.541,
point 478,231663.0266,138.877991,6714282.103,
point 479,231662.9703,138.910787,6714283.589,
point 480,231664.9779,139.846516,6714283.813,
point 481,231666.5241,141.308835,6714283.938,
point 482,231667.541,142.285973,6714284.212,
point 483,231669.0761,143.142738,6714284.377,
point 484,231670.5375,145.00588,6714284.644,
point 485,231671.7197,146.11907,6714284.777,
point 486,231673.0598,147.320698,6714284.999,
point 487,231673.9979,148.666814,6714285.123,
point 488,231675.1738,150.342825,6714285.412,
point 489,231676.5521,152.625539,6714285.556,
point 490,231678.6255,153.770452,6714285.408,
point 491,231678.4378,153.891252,6714287.362,
point 492,231676.4952,152.634618,6714287.092,
point 493,231675.088,150.470529,6714287.051,
point 494,231673.7036,149.153961,6714286.96,
point 495,231672.7256,147.89067,6714286.868,
point 496,231671.4424,146.618704,6714286.661,
point 497,231670.2893,145.463346,6714286.414,
point 498,231668.7984,143.430139,6714286.247,
point 499,231667.3036,142.389764,6714286.008,
point 500,231665.8998,140.792264,6714285.874,
point 501,231664.6089,140.02197,6714285.687,
point 502,231664.36,140.216159,6714287.076,
point 503,231665.773,140.956091,6714287.47,
point 504,231667.1476,142.560695,6714287.614,
point 505,231668.4609,143.584784,6714287.94,
point 506,231670.0501,144.736081,6714288.266,
point 507,231671.1163,147.055237,6714288.403,
point 508,231672.4227,148.299535,6714288.693,
point 509,231673.4902,149.446598,6714288.803,
point 510,231675.2439,151.786605,6714288.539,
point 511,231676.6132,152.713439,6714288.66,
point 512,231678.2775,154.273631,6714291.174,
point 513,231676.3221,153.150867,6714290.357,
point 514,231675.1756,152.09799,6714290.248,
point 515,231673.4032,149.881075,6714290.207,
point 516,231672.253,148.483009,6714290.108,
point 517,231671.1496,147.243597,6714290.021,
point 518,231670.0024,144.825395,6714289.579,
point 519,231668.4616,143.861249,6714289.353,
point 520,231667.0928,142.678412,6714288.938,
point 521,231665.8066,141.009637,6714288.825,
point 522,231664.2781,140.288924,6714288.772,
point 523,231662.5608,139.051865,6714285.394,
point 524,231662.2468,139.109889,6714286.816,
point 525,231662.0564,139.21758,6714288.435,
point 526,231678.4063,154.530619,6714293.335,
point 527,231675.6948,152.720446,6714293.444,
point 528,231676.0869,152.309221,6714291.881,
point 529,231674.5601,151.625993,6714293.219,
point 530,231674.6871,151.22776,6714291.624,
point 531,231673.0617,149.222996,6714293.063,
point 532,231673.2651,150.079152,6714291.446,
point 533,231671.9153,147.995775,6714292.765,
point 534,231672.1009,147.810742,6714291.282,
point 535,231670.5325,146.577507,6714292.533,
point 536,231670.8758,146.398587,6714291.152,
point 537,231669.4532,145.257214,6714292.387,
point 538,231669.6661,144.992859,6714290.95,
point 539,231667.7336,143.322428,6714292.158,
point 540,231666.6807,142.159244,6714291.955,
point 541,231665.4223,141.306541,6714291.588,
point 542,231665.1996,141.161005,6714290.409,
point 543,231666.8525,142.034656,6714290.418,
point 544,231668.2128,144.004015,6714290.698,
point 545,231663.8339,139.829231,6714291.664,
point 546,231664.1113,140.361741,6714290.293,
point 547,231661.6669,138.942496,6714291.566,
point 548,231661.9522,138.827393,6714289.933,
point 549,231678.2894,154.806621,6714297.152,
point 550,231675.5423,152.988544,6714294.816,
point 551,231674.3894,151.816053,6714294.564,
point 552,231672.7135,149.531375,6714294.529,
point 553,231671.678,148.296395,6714294.327,
point 554,231670.3985,146.736178,6714294.031,
point 555,231669.2172,145.433168,6714293.964,
point 556,231667.6389,143.476075,6714293.66,
point 557,231666.3015,142.498951,6714293.476,
point 558,231664.9584,140.792807,6714293.357,
point 559,231663.4141,140.066905,6714293.247,
point 560,231661.4994,139.093148,6714292.991,
point 561,231678.231,155.151641,6714299.151,
point 562,231678.4621,154.682213,6714295.245,
point 563,231675.2366,153.379358,6714296.212,
point 564,231675.1911,153.521856,6714297.528,
point 565,231673.7904,151.445697,6714297.223,
point 566,231674.1592,152.0211,6714295.974,
point 567,231672.3073,149.735479,6714295.884,
point 568,231672.0589,149.061915,6714297.461,
point 569,231671.1078,148.955634,6714297.349,
point 570,231671.4261,148.485187,6714295.779,
point 571,231670.0743,147.211183,6714295.648,
point 572,231669.9449,146.161048,6714297.12,
point 573,231668.7571,144.880241,6714297.008,
point 574,231668.9697,144.738041,6714295.495,
point 575,231667.2947,143.807297,6714296.715,
point 576,231667.3614,143.714908,6714295.272,
point 577,231665.7638,142.043063,6714296.364,
point 578,231665.9343,141.725765,6714294.954,
point 579,231664.7892,140.900026,6714294.844,
point 580,231664.4835,141.168666,6714296.559,
point 581,231661.3973,139.188296,6714294.455,
point 582,231661.4397,139.388801,6714296.173,
point 583,231664.3086,141.264194,6714297.888,
point 584,231665.6038,142.270597,6714298.054,
point 585,231667.1152,144.0275,6714298.182,
point 586,231668.6366,145.040606,6714298.383,
point 587,231669.696,146.340236,6714298.502,
point 588,231670.8134,147.871309,6714298.722,
point 589,231671.779,149.420951,6714298.9,
point 590,231673.561,151.653389,6714299.08,
point 591,231675.1488,153.815028,6714299.304,
point 592,231678.0894,155.422158,6714301.152,
point 593,231674.7159,153.103634,6714301.034,
point 594,231673.3279,152.107584,6714300.747,
point 595,231671.6681,149.631213,6714300.179,
point 596,231670.7574,148.255192,6714300.107,
point 597,231669.4268,146.64386,6714299.827,
point 598,231668.5084,145.213805,6714299.888,
point 599,231666.665,143.232349,6714299.673,
point 600,231665.2723,142.33968,6714299.554,
point 601,231664.0836,141.485789,6714299.403,
point 602,231663.9619,141.605262,6714300.723,
point 603,231665.0955,142.528694,6714300.988,
point 604,231666.5262,143.423538,6714301.113,
point 605,231668.1728,145.643745,6714301.341,
point 606,231669.1717,147.081029,6714301.554,
point 607,231670.4165,148.391425,6714301.826,
point 608,231671.3601,149.913099,6714302.166,
point 609,231672.732,151.465047,6714302.431,
point 610,231674.2477,153.508024,6714302.615,
point 611,231678.1143,155.874909,6714303.184,
point 612,231678.0494,156.117394,6714305.221,
point 613,231674.747,153.939321,6714304.267,
point 614,231673.8951,152.969298,6714304.167,
point 615,231672.3564,151.60264,6714303.905,
point 616,231671.0557,150.120618,6714303.773,
point 617,231670.166,148.659684,6714303.328,
point 618,231668.9541,145.971476,6714303.039,
point 619,231667.9921,145.770655,6714302.863,
point 620,231666.2992,143.510392,6714302.874,
point 621,231664.8296,141.826938,6714302.501,
point 622,231663.5822,141.080999,6714302.229,
B35-B,231662.006,140.400715,6714302.032,
B36-B,231661.8474,139.848411,6714303.465,
point 625,231663.1509,141.178871,6714303.703,
point 626,231664.7298,141.928772,6714303.987,
point 627,231666.1927,143.737185,6714304.094,
point 628,231667.8527,144.863845,6714304.233,
point 629,231668.6415,146.079461,6714304.448,
point 630,231670.0157,147.560663,6714304.678,
point 631,231670.9135,148.961247,6714304.946,
point 632,231672.2085,151.921782,6714305.319,
point 633,231673.6095,153.110044,6714305.504,
point 634,231674.4757,154.110065,6714305.686,
point 635,231677.3402,156.113286,6714306.969,
point 636,231676.4839,155.852787,6714308.926,
point 637,231675.0936,155.499935,6714307.235,
point 638,231674.2339,154.31341,6714306.997,
point 639,231673.6984,153.993034,6714308.603,
point 640,231672.5876,152.826521,6714308.51,
point 641,231673.1599,153.264614,6714306.856,
point 642,231671.6133,151.469843,6714308.168,
point 643,231671.9033,150.985887,6714306.638,
point 644,231670.3759,149.739818,6714308.041,
point 645,231670.7116,149.434131,6714306.341,
point 646,231669.2665,148.170912,6714307.906,
point 647,231669.7428,147.948097,6714306.22,
point 648,231668.2956,146.48392,6714307.71,
point 649,231668.5328,146.206532,6714305.909,
point 650,231667.369,145.125778,6714307.481,
point 651,231667.6488,144.905736,6714305.85,
point 652,231665.6713,143.198554,6714307.297,
point 653,231665.8862,142.965262,6714305.826,
point 654,231664.4366,142.323436,6714307.084,
point 655,231664.4746,142.1043,6714305.579,
point 656,231662.993,141.418919,6714306.925,
point 657,231663.06,141.353109,6714305.233,
B38-B,231661.5266,140.102682,6714306.546,
B37-B,231661.4342,140.014908,6714304.985,
B39-B,231661.2093,140.336031,6714308.11,
point 661,231662.6754,140.950351,6714308.393,
point 662,231664.0866,142.538411,6714308.474,
point 663,231665.4577,143.429443,6714308.639,
point 664,231667.1591,145.34466,6714308.855,
point 665,231668.0632,146.820704,6714309.119,
point 666,231669.1424,148.338901,6714309.334,
point 667,231669.9755,148.596752,6714309.502,
point 668,231669.9838,150.192937,6714310.886,
point 669,231668.9614,148.345362,6714310.731,
point 670,231667.8429,145.902679,6714310.577,
point 671,231666.8007,144.912828,6714310.604,
point 672,231665.1515,143.883324,6714310.337,
point 673,231663.7734,142.095255,6714310.037,
point 674,231671.3274,151.739636,6714309.483,
point 675,231670.9235,150.623803,6714311.118,
point 676,231672.0108,153.589228,6714311.556,
point 677,231672.9249,153.731122,6714311.507,
point 678,231672.2166,153.118188,6714309.682,
point 679,231673.1878,154.350621,6714310.008,
point 680,231675.7804,155.604762,6714310.603,
point 681,231672.6938,153.935714,6714312.865,
point 682,231671.7553,152.593955,6714312.734,
point 683,231670.8094,150.834024,6714312.385,
point 684,231669.8643,149.157129,6714312.565,
point 685,231668.6413,147.792358,6714312.425,
point 686,231667.5785,146.378769,6714312.206,
point 687,231666.6791,145.202606,6714312.127,
point 688,231664.952,144.011496,6714311.803,
point 689,231663.6233,142.258188,6714311.565,
point 690,231662.3089,141.122434,6714309.689,
B40-B,231661.202,140.482141,6714309.436,
B41-B,231660.6115,140.5385,6714310.955,
B42-B,231660.3718,140.307361,6714312.359,
point 694,231661.9139,141.635067,6714312.675,
point 695,231663.3236,142.355714,6714312.898,
point 696,231662.6698,141.487905,6714311.492,
point 697,231664.8244,143.384577,6714313.284,
point 698,231668.2555,148.059228,6714313.687,
point 699,231669.5871,149.45002,6714313.988,
point 700,231667.129,146.840214,6714313.798,
point 701,231666.1294,145.566475,6714313.553,
point 702,231670.4139,151.390616,6714314.316,
point 703,231671.5218,153.058531,6714314.356,
point 704,231672.2865,154.272909,6714314.435,
point 705,231674.2244,155.291649,6714314.308,
point 706,231673.3796,155.012198,6714316.194,
point 707,231671.8317,153.878593,6714316.296,
point 708,231670.9799,153.478557,6714316.036,
point 709,231670.0101,151.758404,6714315.892,
point 710,231669.3452,149.893399,6714315.583,
point 711,231667.992,148.337378,6714315.378,
point 712,231667.0512,146.780153,6714315.2,
point 713,231665.9005,145.463657,6714315.152,
point 714,231664.583,143.518917,6714314.929,
point 715,231662.9378,142.596272,6714314.625,
point 716,231661.444,141.085709,6714314.15,
B43-B,231659.9654,140.367727,6714313.888,
B44-B,231659.919,140.483779,6714315.357,
point 719,231661.3792,141.12288,6714315.502,
point 720,231662.9111,142.693486,6714315.837,
point 721,231664.3682,143.724299,6714316.159,
point 722,231665.6933,144.712908,6714316.351,
point 723,231666.8907,146.9875,6714316.651,
point 725,231668.8589,149.03456,6714317.164,
point 726,231669.5255,151.017708,6714317.316,
point 727,231670.4433,152.86851,6714317.454,
point 728,231672.4852,154.596419,6714318.007,
point 729,231671.4021,153.891222,6714319.552,
point 730,231669.709,151.826978,6714318.696,
point 731,231669.0885,151.701476,6714318.651,
point 732,231668.494,149.687398,6714318.51,
point 733,231667.4121,147.929829,6714318.239,
point 734,231666.6364,146.059937,6714317.953,
point 735,231665.3936,144.845445,6714317.97,
point 736,231664.0244,143.805044,6714317.912,
point 737,231662.6096,142.075617,6714317.424,
point 738,231661.1536,141.296614,6714317.111,
B45-B,231659.7484,140.057915,6714316.974,
B46-B,231659.3903,140.139049,6714318.405,
point 741,231661.009,141.409195,6714318.616,
point 742,231662.4347,142.1903,6714318.743,
point 743,231664.0668,144.031485,6714319.134,
point 744,231665.1678,145.194081,6714319.375,
point 745,231666.2429,146.695738,6714319.529,
point 746,231667.1265,148.44304,6714319.682,
point 747,231668.0611,150.183211,6714319.897,
point 748,231668.6976,150.590555,6714320.172,
point 749,231669.0944,152.919061,6714320.431,
point 750,231668.4008,151.055572,6714321.235,
point 751,231667.8545,149.006889,6714321.098,
point 752,231666.8721,148.768581,6714320.972,
point 753,231664.7994,144.37529,6714320.808,
point 754,231663.8165,144.219992,6714320.726,
point 755,231662.2012,142.442932,6714320.413,
point 756,231660.7022,140.947788,6714320.29,
B47-B,231659.3255,140.20928,6714319.874,
B48-B,231659.1603,140.362016,6714321.376,
B49-B,231658.7323,140.46571,6714322.854,
point 760,231660.2218,141.249615,6714323.029,
point 761,231660.5761,141.036152,6714321.609,
point 762,231661.8623,142.623989,6714321.803,
point 763,231661.6878,142.068843,6714323.348,
point 764,231663.4645,144.1495,6714321.94,
point 765,231664.67,144.835823,6714322.16,
point 766,231665.8438,147.657706,6714322.175,
point 767,231661.2729,142.474389,6714325.09,
point 768,231660.0547,141.368056,6714324.513,
B50-B,231658.512,139.993624,6714324.347,
B51-B,231658.3873,140.104392,6714325.642,
point 771,231659.7288,141.510021,6714325.893,
point 772,231661.0237,142.806318,6714326.173,
point 773,231662.4147,143.876403,6714326.564,
point 774,231663.4198,145.525258,6714328.276,
point 775,231663.124,145.783627,6714329.59,
point 776,231661.9449,144.610428,6714329.33,
point 777,231662.163,144.133512,6714327.93,
point 778,231660.6392,142.483307,6714329.067,
point 779,231660.5931,142.069793,6714327.755,
point 780,231659.5632,141.246662,6714328.779,
B52-B,231657.9349,140.494474,6714328.848,
B52-B,231658.2191,140.362312,6714327.267,
point 783,231659.6148,141.102798,6714327.396,
point 784,231662.8235,146.326584,6714331.037,
point 785,231662.4686,145.438292,6714332.598,
point 786,231661.5055,144.173919,6714332.251,
point 787,231661.625,143.595513,6714330.739,
point 788,231660.1365,143.101035,6714331.978,
point 789,231660.2936,142.50169,6714330.493,
point 790,231658.896,141.830459,6714331.775,
point 791,231659.0509,141.648127,6714330.458,
B54-B,231657.3898,140.243197,6714331.899,
B53-B,231657.8142,140.835748,6714330.294,
point 794,231661.1616,144.450761,6714333.79,
point 795,231659.6234,142.356311,6714333.469,
point 796,231658.7595,142.237522,6714333.259,
B55-B,231657.18,140.426883,6714333.269,
B56-B,231657.0977,140.616728,6714334.623,
point 799,231658.476,141.48046,6714334.719,
point 800,231660.7032,145.128205,6714335.47,
point 801,231659.3586,142.865367,6714336.337,
point 802,231658.2875,141.803914,6714336.125,
B57-B,231656.7597,140.917438,6714336.176,
B58-B,231656.5175,140.397457,6714337.728,
point 805,231658.0038,141.963063,6714337.733,
point 806,231657.7619,142.62315,6714339.143,
B59-B,231656.2371,140.583876,6714339.115,
B60-B,231656.043,140.732091,6714340.706,
point 809,231657.2806,142.400975,6714340.741,
point 810,231656.8632,142.285603,6714342.425,
B61-B,231655.6077,140.871593,6714341.861,
B62,231655.5207,140.914228,6714343.663,
point 813,231661.6376,144.646294,6714330.863,
point 814,231659.3392,143.524558,6714336.135,
point 815,231667.7817,147.075814,6714316.949,
point 816,231675.3344,148.067454,6714264.013,
point 817,231676.394,151.18753,6714271.007,
point 819,231662.7078,144.289265,6714325.212,
point 820,231663.0917,144.231829,6714323.645,
point 821,231664.3002,145.716743,6714323.835,
point 822,231663.8606,145.712449,6714325.418,
point 823,231663.6305,145.857651,6714326.776,
point 824,231664.2895,147.546002,6714328.452,
point 825,231664.5976,147.422234,6714327.03,
point 826,231664.9025,147.377758,6714325.592,
point 827,231665.2283,147.218428,6714324,
point 828,231665.9998,147.240541,6714320.777,
point 829,231666.8197,148.921859,6714322.251,
point 830,231666.2303,148.947014,6714324.104,
point 831,231667.5557,150.521672,6714322.426,
